{
    "ccmp": {
        "Sogo": {
            "𐼧": "𐼓𐼌"
        }
    },
    "ssub": {
        "Latn": {
            "Type": {
                "ʾ": "@",
                "b": "b",
                "v": "v",
                "g": "g",
                "j": "j",
                "d": "d",
                "h": "h",
                "w": "w",
                "z": "z",
                "ḥ": "H",
                "ṭ": "T",
                "y": "y",
                "ḵ": "k_",
                "k": "k",
                "l": "l",
                "m": "m",
                "n": "n",
                "s": "s",
                "ʿ": "#",
                "f": "f",
                "ṣ": "S",
                "q": "q",
                "r": "r",
                "š": "s_",
                "t": "t",
                "ḍ": "D",
                "ḏ": "d_",
                "ḫ": "h_",
                "ġ": "G",
                "ṯ": "t_",
                "ẓ": "z_",
                "p": "p",
                "č": "c",
                "ž": "Z",
                "ȳ": "y_",
                "a": "a",
                "ā": "A",
                "e": "e",
                "ē": "E",
                "u": "u",
                "o": "o",
                "i": "i",
                "ī": "I",
                "ū": "U",
                "ō": "O",
                "â": "a^",
                "î": "i^",
                "û": "u^",
                "ô": "o^",
                "ā̂": "A^",
                "ī̂": "I^",
                "ū̂": "U^",
                "ō̂": "O^",
                "ê": "e^",
                "ē̂": "E^",
                "ŵ": "w^",
                "ŷ": "y^",
                "ɖ": "d~",
                "ʈ": "t~",
                "ʂ": "s~",
                "ɭ": "l~",
                "ɲ": "y~",
                "ɳ": "n~",
                "ɽ": "r~",
                "ḧ": "h~",
                "ʰ": "h^",
                "ₘ": "m^",
                "aⁿ": "an^",
                "iⁿ": "in^",
                "uⁿ": "un^",
                "ĕ\u0302": "e~^",
                "ă\u0302": "a~^",
                "ŏ\u0302": "o~^",
                "ĕ": "e~",
                "ă": "a~",
                "ŏ": "o~",
                "ˀw": "?^w",
                "ˀy": "?^y",
                "ˀh": "?^h",
                "ʔ": "??",
                "\u033D": "x",
                "꞉": ":"

            },
            "Arab": {
                "ʾ": "ا",
                "b": "ب",
                "v": "ڤ",
                "g": "ڨ",
                "j": "ج",
                "d": "د",
                "h": "ه",
                "w": "و",
                "z": "ز",
                "ḥ": "ح",
                "ṭ": "ط",
                "y": "ي",
                "k": "ك",
                "l": "ل",
                "m": "م",
                "n": "ن",
                "s": "س",
                "ʿ": "ع",
                "f": "ف",
                "p": "پ",
                "ṣ": "ص",
                "q": "ق",
                "r": "ر",
                "š": "ش",
                "t": "ت",
                "ḍ": "ض",
                "ḏ": "ذ",
                "ḫ": "خ",
                "ġ": "غ",
                "ṯ": "ث",
                "ẓ": "ظ",
                "ḧ": "ة",
                "ˀy": "\u0626",
                "ˀw": "\u0624",
                "ʔ": "\u0621",
                "ˀâ": "\u0623",
                "ˀî": "\u0625",
                "â": "أَ",
                "ā̂": "آ",
                "î": "إ\u0650",
                "ī̂": "إ\u0650ي",
                "û": "أُ",
                "ū̂": "أُو",
                "ê": "إ\u0650",
                "ē̂": "إ\u0650ي",
                "ô": "أُ",
                "ō̂": "أُو",
                "âŷ": "أَي\u0652",
                "âŵ": "أَو\u0652",
                "a": "\u064E",
                "ā": "\u064Eا",
                "i": "\u0650",
                "ī": "\u0650ي",
                "e": "\u0650",
                "ē": "\u0650ي",
                "u": "\u064F",
                "ū": "\u064Fو",
                "o": "\u064F",
                "ō": "\u064Fو",
                "aŷ": "\u064Eي\u0652",
                "aŵ": "\u064Eو\u0652",
                "a̮": "ى",
                "ā\u032E": "\u064E\u0649",
                "ā̂\u032E": "\u0623\u064E\u0649",
                "ˀā̂\u032E": "\u0623\u0649",
                "\u033D": "\u0652",
                "꞉": "\u0651",
                "aⁿ": "\u064B",
                "iⁿ": "\u064D",
                "uⁿ": "\u064C",
                "0": "٠",
                "1": "١",
                "2": "٢",
                "3": "٣",
                "4": "٤",
                "5": "٥",
                "6": "٦",
                "7": "٧",
                "8": "٨",
                "9": "٩"
            },
            "Arab-Fa": {
                "ʾ": "ا",
                "b": "ب",
                "j": "ج",
                "d": "د",
                "h": "ه",
                "w": "و",
                "z": "ز",
                "ḥ": "ح",
                "ṭ": "ط",
                "y": "ی",
                "k": "ک",
                "l": "ل",
                "m": "م",
                "n": "ن",
                "s": "س",
                "ʿ": "ع",
                "f": "ف",
                "ṣ": "ص",
                "q": "ق",
                "r": "ر",
                "š": "ش",
                "t": "ت",
                "ḍ": "ض",
                "ḏ": "ذ",
                "ḫ": "خ",
                "ġ": "غ",
                "ṯ": "ث",
                "ẓ": "ظ",
                "g": "گ",
                "p": "پ",
                "č": "چ",
                "ž": "ژ",
                "ḧ": "ة",
                "\u033D": "\u0652",
                "aŷ": "\u064Eی\u0652",
                "aŵ": "\u064Eو\u0652",
                "âŷ": "اَی\u0652",
                "âŵ": "اَو\u0652",
                "a": "\u064E",
                "e": "\u0650",
                "i": "\u0650",
                "o": "\u064F",
                "u": "\u064F",
                "â": "اَ",
                "ā̂": "آ",
                "ā": "\u064Eا",
                "î": "ا\u0650",
                "ī̂": "ا\u0650ی",
                "ī": "\u0650ی",
                "û": "اُ",
                "ū̂": "اُو",
                "ū": "\u064Fو",
                "ō": "\u064Fو",
                "ō̂": "اُو",
                "ô": "اُ",
                "ē": "\u0650ی",
                "ê": "ا\u0650",
                "ē̂": "ا\u0650ی",
                "꞉": "\u0651",
                "ˀy": "\u0626",
                "ˀw": "\u0624",
                "ˀh": "هٔ",
                "ʔ": "\u0621",
                "ˀâ": "\u0623",
                "ˀî": "\u0625",
                "uⁿ": "\u064C",
                "iⁿ": "\u064D",
                "aⁿ": "\u064B",
                "ȳ": "ۀ",
                "0": "\u06F0",
                "1": "\u06F1",
                "2": "\u06F2",
                "3": "\u06F3",
                "4": "\u06F4",
                "5": "\u06F5",
                "6": "\u06F6",
                "7": "\u06F7",
                "8": "\u06F8",
                "9": "\u06F9"
            },
            "Thaa": {
                "ʾ": "އ",
                "b": "ބ",
                "j": "ޖ",
                "d": "ދ",
                "h": "ހ",
                "w": "ޥ",
                "z": "ޒ",
                "ḥ": "ޙ",
                "ṭ": "ޠ",
                "y": "ޔ",
                "k": "ކ",
                "l": "ލ",
                "m": "މ",
                "n": "ނ",
                "s": "ސ",
                "ʿ": "ޢ",
                "f": "ފ",
                "ṣ": "ޞ",
                "q": "ޤ",
                "r": "ރ",
                "š": "ޝ",
                "t": "ތ",
                "ḍ": "ޟ",
                "ḏ": "ޛ",
                "ḫ": "ޚ",
                "ġ": "ޣ",
                "ṯ": "ޘ",
                "ẓ": "ޡ",
                "g": "ގ",
                "p": "ޕ",
                "č": "ޗ",
                "ž": "ޜ",
                "ɖ": "ޑ",
                "ʈ": "ޓ",
                "ʂ": "ށ",
                "ɭ": "ޅ",
                "ɲ": "ޏ",
                "v": "ވ",
                "ɳ": "ޱ",
                "\u033D": "\u07B0",
                "âŷ": "އައި",
                "âŵ": "އައު",
                "aŷ": "\u07A6އި",
                "aŵ": "\u07A6އު",
                "â": "އަ",
                "a": "\u07A6",
                "ā̂": "އާ",
                "ā": "\u07A7",
                "î": "އި",
                "i": "\u07A8",
                "ī̂": "އީ",
                "ī": "\u07A9",
                "û": "އު",
                "u": "\u07AA",
                "ū̂": "އޫ",
                "ū": "\u07AB",
                "ê": "އެ",
                "e": "\u07AC",
                "ē̂": "އޭ",
                "ē": "\u07AD",
                "ô": "އޮ",
                "o": "\u07AE",
                "ō̂": "އޯ",
                "ō": "\u07AF",
                "꞉": "އް",
                "ʔ": "އް",
                "0": "0",
                "1": "1",
                "2": "2",
                "3": "3",
                "4": "4",
                "5": "5",
                "6": "6",
                "7": "7",
                "8": "8",
                "9": "9"
            },
            "Arab-Ur": {
                "ʾ": "ا",
                "b": "ب",
                "j": "ج",
                "d": "د",
                "h": "ہ",
                "w": "و",
                "z": "ز",
                "ḥ": "ح",
                "ṭ": "ط",
                "y": "ی",
                "k": "ک",
                "l": "ل",
                "m": "م",
                "n": "ن",
                "s": "س",
                "ʿ": "ع",
                "f": "ف",
                "ṣ": "ص",
                "q": "ق",
                "r": "ر",
                "š": "ش",
                "t": "ت",
                "ḍ": "ض",
                "ḏ": "ذ",
                "ḫ": "خ",
                "ġ": "غ",
                "ṯ": "ث",
                "ẓ": "ظ",
                "g": "گ",
                "p": "پ",
                "č": "چ",
                "ž": "ژ",
                "ɖ": "ڈ",
                "ʈ": "ٹ",
                "ɽ": "ڑ",
                "ḧ": "ة",
                "ʰ": "ھ",
                "ₘ": "ں",
                "\u033D": "\u0652",
                "aŷ": "\u064Eی\u0652",
                "aŵ": "\u064Eو\u0652",
                "âŷ": "اَي\u0652",
                "âŵ": "اَو\u0652",
                "uⁿ": "\u064C",
                "iⁿ": "\u064D",
                "aⁿ": "\u064B",
                "â": "اَ",
                "a": "\u064E",
                "ā̂": "آ",
                "ā": "\u064Eا",
                "î": "ا\u0650",
                "i": "\u0650",
                "ī̂": "ا\u0650ی",
                "ī": "\u0650ی",
                "û": "اُ",
                "u": "\u064F",
                "ū̂": "اُو",
                "ū": "\u064Fو",
                "ē̂": "اے",
                "ē": "ے",
                "ê": "اے",
                "e": "ے",
                "ō̂": "او",
                "ō": "و",
                "ô": "او",
                "o": "و",
                "꞉": "\u0651",
                "ˀy": "\u0626",
                "ˀē": "\u06D3",
                "ˀw": "\u0624",
                "ʔ": "\u0621",
                "ˀâ": "\u0623",
                "ˀî": "\u0625",
                "0": "٠",
                "1": "١",
                "2": "٢",
                "3": "٣",
                "4": "٤",
                "5": "٥",
                "6": "٦",
                "7": "٧",
                "8": "٨",
                "9": "٩"
            },
            "Arab-Pa": {
                "ʾ": "ا",
                "b": "ب",
                "j": "ج",
                "d": "د",
                "h": "ہ",
                "w": "و",
                "z": "ز",
                "ḥ": "ح",
                "ṭ": "ط",
                "y": "ی",
                "k": "ک",
                "l": "ل",
                "m": "م",
                "n": "ن",
                "s": "س",
                "ʿ": "ع",
                "f": "ف",
                "ṣ": "ص",
                "q": "ق",
                "r": "ر",
                "š": "ش",
                "t": "ت",
                "ḍ": "ض",
                "ḏ": "ذ",
                "ḫ": "خ",
                "ġ": "غ",
                "ṯ": "ث",
                "ẓ": "ظ",
                "g": "گ",
                "p": "پ",
                "č": "چ",
                "ž": "ژ",
                "ɖ": "ڈ",
                "ʈ": "ٹ",
                "ɽ": "ڑ",
                "ɭ": "لؕ",
                "ɳ": "ݨ",
                "ḧ": "ة",
                "ʰ": "ھ",
                "ₘ": "ں",
                "\u033D": "\u0652",
                "aŷ": "\u064Eی\u0652",
                "aŵ": "\u064Eو\u0652",
                "âŷ": "اَي\u0652",
                "âŵ": "اَو\u0652",
                "uⁿ": "\u064C",
                "iⁿ": "\u064D",
                "aⁿ": "\u064B",
                "â": "اَ",
                "a": "\u064E",
                "ā̂": "آ",
                "ā": "\u064Eا",
                "î": "ا\u0650",
                "i": "\u0650",
                "ī̂": "ا\u0650ی",
                "ī": "\u0650ی",
                "û": "اُ",
                "u": "\u064F",
                "ū̂": "اُو",
                "ū": "\u064Fو",
                "ē̂": "اے",
                "ē": "ے",
                "ê": "اے",
                "e": "ے",
                "ō̂": "او",
                "ō": "و",
                "ô": "او",
                "o": "و",
                "꞉": "\u0651",
                "ˀy": "\u0626",
                "ˀē": "\u06D3",
                "ˀw": "\u0624",
                "ʔ": "\u0621",
                "ˀâ": "\u0623",
                "ˀî": "\u0625",
                "0": "٠",
                "1": "١",
                "2": "٢",
                "3": "٣",
                "4": "٤",
                "5": "٥",
                "6": "٦",
                "7": "٧",
                "8": "٨",
                "9": "٩"
            },
            "Ethi": {
                "ʾ": "አ",
                "b": "በ",
                "g": "ገ",
                "d": "ደ",
                "h": "ሀ",
                "w": "ወ",
                "z": "ዘ",
                "ḥ": "ሐ",
                "ṭ": "ጠ",
                "y": "የ",
                "k": "ከ",
                "l": "ለ",
                "m": "መ",
                "n": "ነ",
                "s": "ሰ",
                "ʿ": "ዐ",
                "p": "ፐ",
                "ṣ": "ጸ",
                "q": "ቀ",
                "r": "ረ",
                "š": "ሠ",
                "t": "ተ",
                "f": "ፈ",
                "ḫ": "ኀ",
                "č": "ፀ",
                "p̣": "ጰ"
            },
            "Armi": {
                "ʾ": "𐡀",
                "b": "𐡁",
                "g": "𐡂",
                "d": "𐡃",
                "h": "𐡄",
                "w": "𐡅",
                "z": "𐡆",
                "ḥ": "𐡇",
                "ṭ": "𐡈",
                "y": "𐡉",
                "k": "𐡊",
                "l": "𐡋",
                "m": "𐡌",
                "n": "𐡍",
                "s": "𐡎",
                "ʿ": "𐡏",
                "p": "𐡐",
                "ṣ": "𐡑",
                "q": "𐡒",
                "r": "𐡓",
                "š": "𐡔",
                "t": "𐡕"
            },
            "Brah": {
                "ʾ": "𑀅",
                "b": "𑀩",
                "g": "𑀕",
                "d": "𑀥",
                "h": "𑀳",
                "w": "𑀯",
                "z": "𑀚",
                "ḥ": "𑀖",
                "ṭ": "𑀣",
                "y": "𑀬",
                "k": "𑀓",
                "l": "𑀮",
                "m": "𑀫",
                "n": "𑀦",
                "s": "𑀱",
                "ʿ": "𑀏",
                "p": "𑀧",
                "ṣ": "𑀘",
                "q": "𑀔",
                "r": "𑀭",
                "š": "𑀰",
                "t": "𑀢"
            },
            "Chrs": {
                "ʾ": "𐾰",
                "b": "𐾲",
                "g": "𐾳",
                "d": "𐾴",
                "h": "𐾵",
                "w": "𐾶",
                "z": "𐾸",
                "ḥ": "𐾹",
                "ṭ": "𐿄",
                "y": "𐾺",
                "k": "𐾻",
                "l": "𐾼",
                "m": "𐾽",
                "n": "𐾾",
                "s": "𐾿",
                "ʿ": "𐿀",
                "p": "𐿁",
                "ṣ": "𐾿",
                "q": "𐾻",
                "r": "𐿂",
                "š": "𐿃",
                "t": "𐿄"
            },
            "Egyp": {
                "ʾ": "𓃾",
                "b": "𓉐",
                "g": "𓌙",
                "d": "𓇯",
                "h": "𓀠",
                "w": "𓏲",
                "z": "𓏭",
                "ḥ": "𓉗",
                "ṭ": "𓄤",
                "y": "𓂝",
                "k": "𓂧",
                "l": "𓌅",
                "m": "𓈖",
                "n": "𓆓",
                "s": "𓊽",
                "ʿ": "𓁹",
                "p": "𓂋",
                "ṣ": "𓇑",
                "q": "𓃻",
                "r": "𓁶",
                "š": "𓌓",
                "t": "𓏴"
            },
            "Elym": {
                "ʾ": "𐿠",
                "b": "𐿡",
                "g": "𐿢",
                "d": "𐿣",
                "h": "𐿤",
                "w": "𐿥",
                "z": "𐿦",
                "ḥ": "𐿧",
                "ṭ": "𐿨",
                "y": "𐿩",
                "k": "𐿪",
                "l": "𐿫",
                "m": "𐿬",
                "n": "𐿭",
                "s": "𐿮",
                "ʿ": "𐿯",
                "p": "𐿰",
                "ṣ": "𐿱",
                "q": "𐿲",
                "r": "𐿳",
                "š": "𐿴",
                "t": "𐿵"
            },
            "Grek": {
                "ʾ": "α",
                "b": "β",
                "g": "γ",
                "d": "δ",
                "h": "ε",
                "w": "υ",
                "z": "ζ",
                "ḥ": "η",
                "ṭ": "θ",
                "y": "ι",
                "k": "κ",
                "l": "λ",
                "m": "μ",
                "n": "ν",
                "s": "σ",
                "ʿ": "ο",
                "p": "π",
                "ṣ": "ϻ",
                "q": "ϙ",
                "r": "ρ",
                "š": "ξ",
                "t": "τ",
                "f": "φ"
            },
            "Hatr": {
                "ʾ": "𐣠",
                "b": "𐣡",
                "g": "𐣢",
                "d": "𐣣",
                "h": "𐣤",
                "w": "𐣥",
                "z": "𐣦",
                "ḥ": "𐣧",
                "ṭ": "𐣨",
                "y": "𐣩",
                "k": "𐣪",
                "l": "𐣫",
                "m": "𐣬",
                "n": "𐣭",
                "s": "𐣮",
                "ʿ": "𐣯",
                "p": "𐣰",
                "ṣ": "𐣱",
                "q": "𐣲",
                "r": "𐣣",
                "š": "𐣴",
                "t": "𐣵"
            },
            "Hebr": {
                "ʾ": "א",
                "b": "בּ",
                "g": "ג",
                "d": "ד",
                "h": "ה",
                "w": "ו",
                "z": "ז",
                "ḥ": "ח",
                "ṭ": "ט",
                "y": "י",
                "k": "כּ",
                "ḵ": "כ",
                "l": "ל",
                "m": "מ",
                "n": "נ",
                "s": "ס",
                "ʿ": "ע",
                "p": "פּ",
                "ṣ": "צ",
                "q": "ק",
                "r": "ר",
                "š": "ש",
                "š\u032A": "\u05E9\u05C2",
                "š\u032E": "\u05E9\u05C1",
                "t": "ת",
                "v": "ב",
                "f": "פ",
                "ġ": "ע׳",
                "ḏ": "ד׳",
                "ḫ": "ח׳",
                "j": "ג׳",
                "č": "צ׳",
                "ṯ": "ת׳",
                "ž": "ז׳",
                "ẓ": "ט׳",
                "â": "א\u05B7",
                "ā̂": "א\u05B8",
                "î": "א\u05B4",
                "ī̂": "א\u05B4י",
                "û": "א\u05BB",
                "ū̂": "אוּ",
                "ê": "א\u05B6",
                "ē̂": "א\u05B5",
                "ô": "א\u05B9",
                "ō̂": "אוֹ",
                "a": "\u05B7",
                "ā": "\u05B8",
                "i": "\u05B4",
                "ī": "\u05B4י",
                "u": "\u05BB",
                "ū": "וּ",
                "e": "\u05B6",
                "ē": "\u05B5",
                "o": "\u05B9",
                "ō": "וֹ",
                "ĕ\u0302": "א\u05B1",
                "ă\u0302": "א\u05B2",
                "ŏ\u0302": "א\u05B3",
                "ĕ": "\u05B1",
                "ă": "\u05B2",
                "ŏ": "\u05B3",
                "꞉": "\u05BC",
                "\u033D": "\u05B0"
            },
            "Hebr-Ar": {
                "ʾ": "א",
                "b": "ב",
                "j": "גׄ",
                "d": "ד",
                "h": "ה",
                "w": "ו",
                "z": "ז",
                "ḥ": "ח",
                "ṭ": "ט",
                "y": "י",
                "k": "כ",
                "l": "ל",
                "m": "מ",
                "n": "נ",
                "s": "ס",
                "ʿ": "ע",
                "f": "פׄ",
                "ṣ": "צ",
                "q": "ק",
                "r": "ר",
                "š": "ש",
                "t": "ת",
                "ḍ": "צׄ",
                "ḏ": "דׄ",
                "ḫ": "חׄ",
                "ġ": "עׄ",
                "ṯ": "תׄ",
                "ẓ": "טׄ",
                "ḧ": "ה̈"

            },
            "Mani": {
                "ʾ": "𐫀",
                "b": "𐫁",
                "g": "𐫃",
                "d": "𐫅",
                "h": "𐫆",
                "w": "𐫇",
                "z": "𐫉",
                "ḥ": "𐫍",
                "ṭ": "𐫎",
                "y": "𐫏",
                "k": "𐫐",
                "l": "𐫓",
                "m": "𐫖",
                "n": "𐫗",
                "s": "𐫘",
                "ʿ": "𐫙",
                "p": "𐫛",
                "ṣ": "𐫝",
                "q": "𐫞",
                "r": "𐫡",
                "š": "𐫢",
                "t": "𐫤"
            },
            "Narb": {
                "ʾ": "𐪑",
                "b": "𐪈",
                "g": "𐪔",
                "d": "𐪕",
                "h": "𐪀",
                "w": "𐪅",
                "z": "𐪘",
                "ḥ": "𐪂",
                "ṭ": "𐪗",
                "y": "𐪚",
                "k": "𐪋",
                "l": "𐪁",
                "m": "𐪃",
                "n": "𐪌",
                "s": "𐪏",
                "s²": "𐪊",
                "ʿ": "𐪒",
                "p": "𐪐",
                "ṣ": "𐪎",
                "q": "𐪄",
                "r": "𐪇",
                "š": "𐪆",
                "t": "𐪉",
                "ḍ": "𐪓",
                "f": "𐪐",
                "ġ": "𐪖",
                "ḫ": "𐪍",
                "ḏ": "𐪙",
                "ẓ": "𐪜",
                "ṯ": "𐪛‎"
            },
            "Nbat": {
                "ʾ": "𐢁",
                "b": "𐢃",
                "g": "𐢄",
                "d": "𐢅",
                "h": "𐢇",
                "w": "𐢈",
                "z": "𐢉",
                "ḥ": "𐢊",
                "ṭ": "𐢋",
                "y": "𐢍",
                "k": "𐢏",
                "l": "𐢑",
                "m": "𐢓",
                "n": "𐢕",
                "s": "𐢖",
                "ʿ": "𐢗",
                "p": "𐢘",
                "ṣ": "𐢙",
                "q": "𐢚",
                "r": "𐢛",
                "š": "𐢝",
                "t": "𐢞"
            },
            "Palm": {
                "ʾ": "𐡠",
                "b": "𐡡",
                "g": "𐡢",
                "d": "𐡣",
                "h": "𐡤",
                "w": "𐡥",
                "z": "𐡦",
                "ḥ": "𐡧",
                "ṭ": "𐡨",
                "y": "𐡩",
                "k": "𐡪",
                "l": "𐡫",
                "m": "𐡬",
                "n": "𐡮",
                "s": "𐡯",
                "ʿ": "𐡰",
                "p": "𐡱",
                "ṣ": "𐡲",
                "q": "𐡳",
                "r": "𐡴",
                "š": "𐡵",
                "t": "𐡶"
            },
            "Phli": {
                "ʾ": "𐭠",
                "b": "𐭡",
                "g": "𐭢",
                "d": "𐭣",
                "h": "𐭤",
                "w": "𐭥",
                "z": "𐭦",
                "ḥ": "𐭧",
                "ṭ": "𐭨",
                "y": "𐭩",
                "k": "𐭪",
                "l": "𐭫",
                "m": "𐭬",
                "n": "𐭭",
                "s": "𐭮",
                "ʿ": "𐭥",
                "p": "𐭯",
                "ṣ": "𐭰",
                "q": "𐭬",
                "r": "𐭥",
                "š": "𐭱",
                "t": "𐭲"
            },
            "Phlp": {
                "ʾ": "𐮀",
                "b": "𐮁",
                "g": "𐮂",
                "d": "𐮃",
                "h": "𐮄",
                "w": "𐮅",
                "z": "𐮆",
                "ḥ": "𐮇",
                "ṭ": "𐮑",
                "y": "𐮈",
                "k": "𐮉",
                "l": "𐮊",
                "m": "𐮋",
                "n": "𐮌",
                "s": "𐮍",
                "ʿ": "𐮅",
                "p": "𐮎",
                "ṣ": "𐮏",
                "q": "𐮋",
                "r": "𐮅",
                "š": "𐮐",
                "t": "𐮑"
            },
            "Phnx": {
                "ʾ": "𐤀",
                "b": "𐤁",
                "g": "𐤂",
                "d": "𐤃",
                "h": "𐤄",
                "w": "𐤅",
                "z": "𐤆",
                "ḥ": "𐤇",
                "ṭ": "𐤈",
                "y": "𐤉",
                "k": "𐤊",
                "l": "𐤋",
                "m": "𐤌",
                "n": "𐤍",
                "s": "𐤎",
                "ʿ": "𐤏",
                "p": "𐤐",
                "ṣ": "𐤑",
                "q": "𐤒",
                "r": "𐤓",
                "š": "𐤔",
                "t": "𐤕"
            },
            "Prti": {
                "ʾ": "𐭀",
                "b": "𐭁",
                "g": "𐭂",
                "d": "𐭃",
                "h": "𐭄",
                "w": "𐭅",
                "z": "𐭆",
                "ḥ": "𐭇",
                "ṭ": "𐭈",
                "y": "𐭉",
                "k": "𐭊",
                "l": "𐭋",
                "m": "𐭌",
                "n": "𐭍",
                "s": "𐭎",
                "ʿ": "𐭏",
                "p": "𐭐",
                "ṣ": "𐭑",
                "q": "𐭒",
                "r": "𐭓",
                "š": "𐭔",
                "t": "𐭕"
            },
            "Samr": {
                "ʾ": "ࠀ",
                "b": "ࠁ",
                "g": "ࠂ",
                "d": "ࠃ",
                "h": "ࠄ",
                "w": "ࠅ",
                "z": "ࠆ",
                "ḥ": "ࠇ",
                "ṭ": "ࠈ",
                "y": "ࠉ",
                "k": "ࠊ",
                "l": "ࠋ",
                "m": "ࠌ",
                "n": "ࠍ",
                "s": "ࠎ",
                "ʿ": "ࠏ",
                "f": "ࠐ",
                "ṣ": "ࠑ",
                "q": "ࠒ",
                "r": "ࠓ",
                "š": "ࠔ",
                "t": "ࠕ"
            },
            "Sarb": {
                "ʾ": "𐩱",
                "b": "𐩨",
                "g": "𐩴",
                "d": "𐩵",
                "h": "𐩠",
                "w": "𐩥",
                "z": "𐩸",
                "ḥ": "𐩢",
                "ṭ": "𐩷",
                "y": "𐩺",
                "k": "𐩫",
                "l": "𐩡",
                "m": "𐩣",
                "n": "𐩬",
                "s": "𐩯",
                "s²": "𐩪",
                "ʿ": "𐩲",
                "p": "𐩰",
                "ṣ": "𐩮",
                "q": "𐩤",
                "r": "𐩧",
                "š": "𐩦",
                "t": "𐩩",
                "f": "𐩰",
                "ḏ": "𐩹",
                "ḫ": "𐩭",
                "ḍ": "𐩳",
                "ġ": "𐩶",
                "ṯ": "𐩻",
                "ẓ": "𐩼"
            },
            "Sogd": {
                "ʾ": "𐼰",
                "b": "𐼱",
                "g": "𐼲",
                "h": "𐼳",
                "w": "𐼴",
                "z": "𐼵",
                "ḥ": "𐼶",
                "y": "𐼷",
                "k": "𐼸",
                "l": "𐼹",
                "m": "𐼺",
                "n": "𐼻",
                "s": "𐼼",
                "ʿ": "𐼽",
                "p": "𐼾",
                "ṣ": "𐼿",
                "r": "𐽀",
                "š": "𐽁",
                "t": "𐽂",
                "f": "𐽃",
                "l²": "𐽄"


            },
            "Sogo": {
                "ʾ": "𐼀",
                "b": "𐼂",
                "g": "𐼄",
                "d": "𐼘",
                "h": "𐼅",
                "w": "𐼇",
                "z": "𐼈",
                "ḥ": "𐼉",
                "y": "𐼊",
                "k": "𐼋",
                "l": "𐼌",
                "m": "𐼍",
                "n": "𐼎",
                "s": "𐼑",
                "ʿ": "𐼓",
                "p": "𐼔",
                "ṣ": "𐼕",
                "r": "𐼘",
                "š": "𐼙",
                "t": "𐼚"
            },
            "Syre": {
                "ʾ": "ܐ",
                "b": "ܒ",
                "g": "ܓ",
                "d": "ܕ",
                "h": "ܗ",
                "w": "ܘ",
                "z": "ܙ",
                "ḥ": "ܚ",
                "ṭ": "ܛ",
                "y": "ܝ",
                "k": "ܟ",
                "l": "ܠ",
                "m": "ܡ",
                "n": "ܢ",
                "s": "ܣ",
                "ʿ": "ܥ",
                "p": "ܦ",
                "ṣ": "ܨ",
                "q": "ܩ",
                "r": "ܪ",
                "š": "ܫ",
                "t": "ܬ݁"
            },
            "Syrn": {
                "ʾ": "ܐ",
                "b": "ܒ݁",
                "v": "ܒ݂",
                "g": "ܓ݁",
                "ġ": "ܓ݂",
                "d": "ܕ݁",
                "ḏ": "ܕ݂",
                "h": "ܗ",
                "w": "ܘ",
                "z": "ܙ",
                "ḥ": "ܚ",
                "ṭ": "ܛ",
                "y": "ܝ",
                "k": "ܟ݁",
                "ḫ": "ܟ݂",
                "l": "ܠ",
                "m": "ܡ",
                "n": "ܢ",
                "s": "ܣ",
                "ʿ": "ܥ",
                "p": "ܦ݁",
                "f": "ܦ݂",
                "ṣ": "ܨ",
                "q": "ܩ",
                "r": "ܪ",
                "š": "ܫ",
                "t": "ܬ݁",
                "ṯ": "ܬ݂",
                "č": "\u071F\u0330",
                "j": "\u0713\u0330",
                "ž": "ܙ\u0330",
                "a": "ܲ",
                "ā": "ܵ",
                "e": "ܸ",
                "ē": "ܹ",
                "ū": "ܘܼ",
                "ō": "ܘܿ",
                "ī": "ܝܼ",
                "u": "ܘܼ",
                "o": "ܘܿ",
                "i": "ܝܼ",
                "â": "ܐܲ",
                "ā̂": "ܐܵ",
                "ī̂": "ܝܼ",
                "ū̂": "ܘܼ",
                "ō̂": "ܘܿ",
                "î": "ܝܼ",
                "û": "ܘܼ",
                "ô": "ܘܿ",
                "ê": "ܐܸ",
                "ē̂": "ܐܹ"

            },
            "Syrj": {
                "ʾ": "ܐ",
                "b": "ܒ݁",
                "v": "ܒ݂",
                "g": "ܓ݁",
                "ġ": "ܓ݂",
                "d": "ܕ݁",
                "ḏ": "ܕ݂",
                "h": "ܗ",
                "w": "ܘ",
                "z": "ܙ",
                "ḥ": "ܚ",
                "ṭ": "ܛ",
                "y": "ܝ",
                "k": "ܟ݁",
                "ḫ": "ܟ݂",
                "l": "ܠ",
                "m": "ܡ",
                "n": "ܢ",
                "s": "ܣ",
                "ʿ": "ܥ",
                "p": "ܦ݁",
                "f": "ܦ݂",
                "ṣ": "ܨ",
                "q": "ܩ",
                "r": "ܪ",
                "š": "ܫ",
                "t": "ܬ݁",
                "ṯ": "ܬ݂",
                "č": "\u071F\u0330",
                "j": "\u0713\u0330",
                "ž": "ܙ\u0330",
                "a": "\u0730",
                "ā": "\u0733",
                "e": "\u0736",
                "ē": "\u0736",
                "ī": "\u073A",
                "i": "\u073A",
                "ū": "\u073D",
                "u": "\u073D",
                "ō": "\u0651",
                "o": "\u0651",
                "â": "ܐ\u0730",
                "ā̂": "ܐ\u0733",
                "î": "ܐ\u073A",
                "ī̂": "ܐ\u073A",
                "û": "ܐ\u073D",
                "ū̂": "ܐ\u073D",
                "ê": "ܐ\u0736",
                "ē̂": "ܐ\u0736",
                "ō̂": "ܐ\u0651",
                "ô": "ܐ\u0651"
            },
            "Ugar": {
                "s₂": "𐎝",
                "ʾ": "𐎀",
                "b": "𐎁",
                "g": "𐎂",
                "d": "𐎄",
                "h": "𐎅",
                "w": "𐎆",
                "z": "𐎇",
                "ḥ": "𐎈",
                "ṭ": "𐎉",
                "y": "𐎊",
                "k": "𐎋",
                "l": "𐎍",
                "m": "𐎎",
                "n": "𐎐",
                "s": "𐎒",
                "ʿ": "𐎓",
                "p": "𐎔",
                "ṣ": "𐎕",
                "q": "𐎖",
                "r": "𐎗",
                "š": "𐎌",
                "t": "𐎚",
                "ġ": "𐎙",
                "û": "𐎜",
                "î": "𐎛",
                "ṯ": "𐎘",
                "ẓ": "𐎑",
                "ḫ": "𐎃",
                "ḏ": "𐎏"
            }
        },
        "Type": {
            "Latn": {
                "@": "ʾ",
                "b": "b",
                "v": "v",
                "g": "g",
                "j": "j",
                "d": "d",
                "h": "h",
                "w": "w",
                "z": "z",
                "H": "ḥ",
                "T": "ṭ",
                "y": "y",
                "k": "k",
                "l": "l",
                "m": "m",
                "n": "n",
                "s": "s",
                "#": "ʿ",
                "f": "f",
                "S": "ṣ",
                "q": "q",
                "r": "r",
                "k_": "ḵ",
                "s_": "š",
                "t": "t",
                "D": "ḍ",
                "d_": "ḏ",
                "h_": "ḫ",
                "G": "ġ",
                "t_": "ṯ",
                "z_": "ẓ",
                "p": "p",
                "c": "č",
                "Z": "ž",
                "y_": "ȳ",
                "a": "a",
                "A": "ā",
                "e": "e",
                "E": "ē",
                "u": "u",
                "o": "o",
                "i": "i",
                "I": "ī",
                "U": "ū",
                "O": "ō",
                "a^": "â",
                "i^": "î",
                "u^": "û",
                "o^": "ô",
                "A^": "ā̂",
                "I^": "ī̂",
                "U^": "ū̂",
                "O^": "ō̂",
                "e^": "ê",
                "E^": "ē̂",
                "w^": "ŵ",
                "y^" : "ŷ",
                "d~": "ɖ",
                "t~": "ʈ",
                "s~": "ʂ",
                "l~": "ɭ",
                "y~": "ɲ",
                "n~": "ɳ",
                "r~": "ɽ",
                "h~": "ḧ",
                "h^": "ʰ",
                "m^": "ₘ",
                "un^": "uⁿ",
                "in^": "iⁿ",
                "an^": "aⁿ",
                "e~^": "ĕ\u0302",
                "a~^": "ă\u0302",
                "o~^": "ŏ\u0302",
                "e~": "ĕ",
                "a~": "ă",
                "o~": "ŏ",
                "?^w": "ˀw",
                "?^y": "ˀy",
                "?^h": "ˀh",
                "??": "ʔ",
                "x": "\u033D",
                ":" : "꞉"
            }
        },
        "Arab": {
            "Latn": {
                "ا": "ʾ",
                "ب": "b",
                "ڤ": "v",
                "ڨ": "g",
                "ج": "j",
                "د": "d",
                "ه": "h",
                "و": "w",
                "ز": "z",
                "ح": "ḥ",
                "ط": "ṭ",
                "ي": "y",
                "ك": "k",
                "ل": "l",
                "م": "m",
                "ن": "n",
                "س": "s",
                "ع": "ʿ",
                "ف": "f",
                "پ": "p",
                "ص": "ṣ",
                "ق": "q",
                "ر": "r",
                "ش": "š",
                "ت": "t",
                "ض": "ḍ",
                "ذ": "ḏ",
                "خ": "ḫ",
                "غ": "ġ",
                "ث": "ṯ",
                "ظ": "ẓ",
                "ة": "ḧ",
                "ى": "a̮",
                "\u064Eي\u0652": "aŷ",
                "\u064Eو\u0652": "aŵ",
                "أَي\u0652": "âŷ",
                "أَو\u0652": "âŵ",
                "\u0652": "\u033D",
                "\u064E": "a",
                "\u0650": "i",
                "\u064F": "u",
                "أَ": "â",
                "\u064E\u0649": "ā\u032E",
                "\u0623\u064E\u0649": "ā̂\u032E",
                "\u0623\u0649": "ˀā̂\u032E",
                "آ": "ā̂",
                "\u064Eا": "ā",
                "إ\u0650": "î",
                "إ\u0650ي": "ī̂",
                "\u0650ي": "ī",
                "أُ": "û",
                "أُو": "ū̂",
                "\u064Fو": "ū",
                "ٱ": "ʾ",
                "\u0670":  "ā",
                "\u0651": "꞉",
                "\u0626": "ˀy",
                "\u0624": "ˀw",
                "\u0621": "ʔ",
                "\u0623": "ˀâ",
                "\u0625": "ˀî",
                "\u064C": "uⁿ",
                "\u064D": "iⁿ",
                "\u064B": "aⁿ",
                "٠": "0",
                "١": "1",
                "٢": "2",
                "٣": "3",
                "٤": "4",
                "٥": "5",
                "٦": "6",
                "٧": "7",
                "٨": "8",
                "٩": "9"
            }
        },
        "Arab-Fa": {
            "Latn": {
                "ا": "ʾ",
                "ب": "b",
                "ج": "j",
                "د": "d",
                "ه": "h",
                "و": "w",
                "ز": "z",
                "ح": "ḥ",
                "ط": "ṭ",
                "ی": "y",
                "ک": "k",
                "ل": "l",
                "م": "m",
                "ن": "n",
                "س": "s",
                "ع": "ʿ",
                "ف": "f",
                "ص": "ṣ",
                "ق": "q",
                "ر": "r",
                "ش": "š",
                "ت": "t",
                "ض": "ḍ",
                "ذ": "ḏ",
                "خ": "ḫ",
                "غ": "ġ",
                "ث": "ṯ",
                "ظ": "ẓ",
                "گ": "g",
                "پ": "p",
                "چ": "č",
                "ژ": "ž",
                "ة": "ḧ",
                "\u064Eی\u0652": "aŷ",
                "\u064Eو\u0652": "aŵ",
                "اَی\u0652": "âŷ",
                "اَو\u0652": "âŵ",
                "\u0652": "\u033D",
                "\u064E": "a",
                "\u0650": "e",
                "\u064F": "o",
                "اَ": "â",
                "آ": "ā̂",
                "\u064Eا": "ā",
                "ا\u0650": "ê",
                "ا\u0650ی": "ī̂",
                "\u0650ی": "ī",
                "اُ": "ô",
                "اُو": "ū̂",
                "\u064Fو": "ū",
                "ٱ": "",
                "\u0670":  "ā",
                "\u0651": "꞉",
                "\u0626": "ˀy",
                "\u0624": "ˀw",
                "\u0621": "ʔ",
                "\u0623": "ˀâ",
                "\u0625": "ˀî",
                "هٔ": "ˀh",
                "\u064C": "uⁿ",
                "\u064D": "iⁿ",
                "\u064B": "aⁿ",
                "ۀ": "ȳ",
                "\u06F0": "0",
                "\u06F1": "1",
                "\u06F2": "2",
                "\u06F3": "3",
                "\u06F4": "4",
                "\u06F5": "5",
                "\u06F6": "6",
                "\u06F7": "7",
                "\u06F8": "8",
                "\u06F9": "9"
            }
        },
        "Arab-Ur": {
            "Latn": {
                "ا": "ʾ",
                "ب": "b",
                "ج": "j",
                "د": "d",
                "ہ": "h",
                "و": "w",
                "ز": "z",
                "ح": "ḥ",
                "ط": "ṭ",
                "ی": "y",
                "ک": "k",
                "ل": "l",
                "م": "m",
                "ن": "n",
                "س": "s",
                "ع": "ʿ",
                "ف": "f",
                "ص": "ṣ",
                "ق": "q",
                "ر": "r",
                "ش": "š",
                "ت": "t",
                "ض": "ḍ",
                "ذ": "ḏ",
                "خ": "ḫ",
                "غ": "ġ",
                "ث": "ṯ",
                "ظ": "ẓ",
                "گ": "g",
                "پ": "p",
                "چ": "č",
                "ژ": "ž",
                "ڈ": "ɖ",
                "ٹ": "ʈ",
                "ڑ": "ɽ",
                "ۃ": "ḧ",
                "ھ": "ʰ",
                "ں": "ₘ",
                "\u064Eی\u0652": "aŷ",
                "\u064Eو\u0652": "aŵ",
                "اَی\u0652": "âŷ",
                "اَو\u0652": "âŵ",
                "\u0652": "\u033D",
                "اَ": "â",
                "\u064E": "a",
                "آ": "ā̂",
                "\u064Eا": "ā",
                "ا\u0650": "î",
                "\u0650": "i",
                "ا\u0650ی": "ī̂",
                "\u0650ی": "ī",
                "اُ": "û",
                "\u064F": "u",
                "اُو": "ū̂",
                "\u064Fو": "ū",
                "اے": "ē̂",
                "ے": "ē",
                "ٱ": "",
                "\u0670":  "ā",
                "\u0651": "꞉",
                "\u0626": "ˀy",
                "\u06D3": "ˀē",
                "\u0624": "ˀw",
                "\u0621": "ʔ",
                "\u0623": "ˀâ",
                "\u0625": "ˀî",
                "\u064C": "uⁿ",
                "\u064D": "iⁿ",
                "\u064B": "aⁿ",
                "٠": "0",
                "١": "1",
                "٢": "2",
                "٣": "3",
                "٤": "4",
                "٥": "5",
                "٦": "6",
                "٧": "7",
                "٨": "8",
                "٩": "9"
            }
        },
        "Arab-Pa": {
            "Latn": {
                "ا": "ʾ",
                "ب": "b",
                "ج": "j",
                "د": "d",
                "ہ": "h",
                "و": "w",
                "ز": "z",
                "ح": "ḥ",
                "ط": "ṭ",
                "ی": "y",
                "ک": "k",
                "ل": "l",
                "م": "m",
                "ن": "n",
                "س": "s",
                "ع": "ʿ",
                "ف": "f",
                "ص": "ṣ",
                "ق": "q",
                "ر": "r",
                "ش": "š",
                "ت": "t",
                "ض": "ḍ",
                "ذ": "ḏ",
                "خ": "ḫ",
                "غ": "ġ",
                "ث": "ṯ",
                "ظ": "ẓ",
                "گ": "g",
                "پ": "p",
                "چ": "č",
                "ژ": "ž",
                "ڈ": "ɖ",
                "ٹ": "ʈ",
                "ڑ": "ɽ",
                "لؕ": "ɭ",
                "ݨ": "ɳ",
                "ۃ": "ḧ",
                "ھ": "ʰ",
                "ں": "ₘ",
                "\u064Eی\u0652": "aŷ",
                "\u064Eو\u0652": "aŵ",
                "اَی\u0652": "âŷ",
                "اَو\u0652": "âŵ",
                "\u0652": "\u033D",
                "اَ": "â",
                "\u064E": "a",
                "آ": "ā̂",
                "\u064Eا": "ā",
                "ا\u0650": "î",
                "\u0650": "i",
                "ا\u0650ی": "ī̂",
                "\u0650ی": "ī",
                "اُ": "û",
                "\u064F": "u",
                "اُو": "ū̂",
                "\u064Fو": "ū",
                "اے": "ē̂",
                "ے": "ē",
                "ٱ": "",
                "\u0670":  "ā",
                "\u0651": "꞉",
                "\u0626": "ˀy",
                "\u06D3": "ˀē",
                "\u0624": "ˀw",
                "\u0621": "ʔ",
                "\u0623": "ˀâ",
                "\u0625": "ˀî",
                "\u064C": "uⁿ",
                "\u064D": "iⁿ",
                "\u064B": "aⁿ",
                "٠": "0",
                "١": "1",
                "٢": "2",
                "٣": "3",
                "٤": "4",
                "٥": "5",
                "٦": "6",
                "٧": "7",
                "٨": "8",
                "٩": "9"
            }
        },
        "Thaa": {
            "Latn": {
                "އ": "ʾ",
                "ބ": "b",
                "ޖ": "j",
                "ދ": "d",
                "ހ": "h",
                "ޥ": "w",
                "ޒ": "z",
                "ޙ": "ḥ",
                "ޠ": "ṭ",
                "ޔ": "y",
                "ކ": "k",
                "ލ": "l",
                "މ": "m",
                "ނ": "n",
                "ސ": "s",
                "ޢ": "ʿ",
                "ފ": "f",
                "ޞ": "ṣ",
                "ޤ": "q",
                "ރ": "r",
                "ޝ": "š",
                "ތ": "t",
                "ޟ": "ḍ",
                "ޛ": "ḏ",
                "ޚ": "ḫ",
                "ޣ": "ġ",
                "ޘ": "ṯ",
                "ޡ": "ẓ",
                "ގ": "g",
                "ޕ": "p",
                "ޗ": "č",
                "ޜ": "ž",
                "ޑ": "ɖ",
                "ޓ": "ʈ",
                "ށ": "ʂ",
                "ޅ": "ɭ",
                "ޏ": "ɲ",
                "ވ": "v",
                "ޱ": "ɳ",
                "\u07B0": "\u033D",
                "އަ": "â",
                "\u07A6": "a",
                "އާ": "ā̂",
                "\u07A7": "ā",
                "އި": "î",
                "\u07A8": "i",
                "އީ": "ī̂",
                "\u07A9": "ī",
                "އު": "û",
                "\u07AA": "u",
                "އޫ": "ū̂",
                "\u07AB": "ū",
                "އެ": "ê",
                "\u07AC": "e",
                "އޭ": "ē̂",
                "\u07AD": "ē",
                "އޮ": "ô",
                "\u07AE": "o",
                "އޯ": "ō̂",
                "\u07AF": "ō",
                "އް": "ʔ",
                "0": "0",
                "1": "1",
                "2": "2",
                "3": "3",
                "4": "4",
                "5": "5",
                "6": "6",
                "7": "7",
                "8": "8",
                "9": "9"
            }
        },
        "Ethi": {
            "Latn": {
                "አ": "ʾ",
                "በ": "b",
                "ገ": "g",
                "ደ": "d",
                "ሀ": "h",
                "ወ": "w",
                "ዘ": "z",
                "ሐ": "ḥ",
                "ጠ": "ṭ",
                "የ": "y",
                "ከ": "k",
                "ለ": "l",
                "መ": "m",
                "ነ": "n",
                "ሰ": "s",
                "ዐ": "ʿ",
                "ፐ": "p",
                "ጸ": "ṣ",
                "ቀ": "q",
                "ረ": "r",
                "ሠ": "š",
                "ተ": "t",
                "ፈ": "f",
                "ኀ": "ḫ",
                "ፀ": "č",
                "ጰ": "p̣"
            }
        },
        "Armi": {
            "Latn": {
                "𐡀": "ʾ",
                "𐡁": "b",
                "𐡂": "g",
                "𐡃": "d",
                "𐡄": "h",
                "𐡅": "w",
                "𐡆": "z",
                "𐡇": "ḥ",
                "𐡈": "ṭ",
                "𐡉": "y",
                "𐡊": "k",
                "𐡋": "l",
                "𐡌": "m",
                "𐡍": "n",
                "𐡎": "s",
                "𐡏": "ʿ",
                "𐡐": "p",
                "𐡑": "ṣ",
                "𐡒": "q",
                "𐡓": "r",
                "𐡔": "š",
                "𐡕": "t"
            }
        },
        "Brah": {
            "Latn": {
                "𑀅": "ʾ",
                "𑀩": "b",
                "𑀕": "g",
                "𑀥": "d",
                "𑀳": "h",
                "𑀯": "w",
                "𑀚": "z",
                "𑀖": "ḥ",
                "𑀣": "ṭ",
                "𑀬": "y",
                "𑀓": "k",
                "𑀮": "l",
                "𑀫": "m",
                "𑀦": "n",
                "𑀱": "s",
                "𑀏": "ʿ",
                "𑀧": "p",
                "𑀘": "ṣ",
                "𑀔": "q",
                "𑀭": "r",
                "𑀰": "š",
                "𑀢": "t"
            }
        },
        "Chrs": {
            "Latn": {
                "𐾰": "ʾ",
                "𐾱": "ʾ",
                "𐾲": "b",
                "𐾳": "g",
                "𐾴": "d",
                "𐾵": "h",
                "𐾶": "w",
                "𐾷": "w",
                "𐾸": "z",
                "𐾹": "ḥ",
                "𐾺": "y",
                "𐾻": "k",
                "𐾼": "l",
                "𐾽": "m",
                "𐾾": "n",
                "𐾿": "s",
                "𐿀": "ʿ",
                "𐿁": "p",
                "𐿂": "r",
                "𐿃": "š",
                "𐿄": "t"
            }
        },
        "Egyp": {
            "Latn": {
                "𓃾": "ʾ",
                "𓉐": "b",
                "𓌙": "g",
                "𓇯": "d",
                "𓀠": "h",
                "𓏲": "w",
                "𓏭": "z",
                "𓉗": "ḥ",
                "𓄤": "ṭ",
                "𓂝": "y",
                "𓂧": "k",
                "𓌅": "l",
                "𓈖": "m",
                "𓆓": "n",
                "𓊽": "s",
                "𓁹": "ʿ",
                "𓂋": "p",
                "𓇑": "ṣ",
                "𓃻": "q",
                "𓁶": "r",
                "𓌓": "š",
                "𓏴": "t"
            }
        },
        "Elym": {
            "Latn": {
                "𐿠": "ʾ",
                "𐿡": "b",
                "𐿢": "g",
                "𐿣": "d",
                "𐿤": "h",
                "𐿥": "w",
                "𐿦": "z",
                "𐿧": "ḥ",
                "𐿨": "ṭ",
                "𐿩": "y",
                "𐿪": "k",
                "𐿫": "l",
                "𐿬": "m",
                "𐿭": "n",
                "𐿮": "s",
                "𐿯": "ʿ",
                "𐿰": "p",
                "𐿱": "ṣ",
                "𐿲": "q",
                "𐿳": "r",
                "𐿴": "š",
                "𐿵": "t"
            }
        },
        "Grek": {
            "Latn": {
                "α": "ʾ",
                "Α": "ʾ",
                "β": "b",
                "Β": "b",
                "γ": "g",
                "Γ": "g",
                "δ": "d",
                "Δ": "d",
                "ε": "h",
                "Ε": "h",
                "υ": "w",
                "Υ": "w",
                "ζ": "z",
                "Ζ": "z",
                "η": "ḥ",
                "Η": "ḥ",
                "θ": "ṭ",
                "Θ": "ṭ",
                "ι": "y",
                "Ι": "y",
                "κ": "k",
                "Κ": "k",
                "λ": "l",
                "Λ": "l",
                "μ": "m",
                "Μ": "m",
                "ν": "n",
                "Ν": "n",
                "σ": "s",
                "ς": "s",
                "Σ": "s",
                "ο": "ʿ",
                "ω": "ʿ",
                "Ο": "ʿ",
                "Ω": "ʿ",
                "π": "p",
                "Π": "p",
                "ϻ": "ṣ",
                "Ϻ": "ṣ",
                "ϙ": "q",
                "Ϙ": "q",
                "ρ": "r",
                "Ρ": "r",
                "ξ": "š",
                "Ξ": "š",
                "τ": "t",
                "Τ": "t",
                "φ": "f",
                "Φ": "f"
            }
        },
        "Hatr": {
            "Latn": {
                "𐣠": "ʾ",
                "𐣡": "b",
                "𐣢": "g",
                "𐣣": "r",
                "𐣤": "h",
                "𐣥": "w",
                "𐣦": "z",
                "𐣧": "ḥ",
                "𐣨": "ṭ",
                "𐣩": "y",
                "𐣪": "k",
                "𐣫": "l",
                "𐣬": "m",
                "𐣭": "n",
                "𐣮": "s",
                "𐣯": "ʿ",
                "𐣰": "p",
                "𐣱": "ṣ",
                "𐣲": "q",
                "𐣴": "š",
                "𐣵": "t"
            }
        },
        "Hebr": {
            "Latn": {
                "א": "ʾ",
                "בּ": "b",
                "ב": "v",
                "ג": "g",
                "ד": "d",
                "ה": "h",
                "ו": "w",
                "ז": "z",
                "ח": "ḥ",
                "ט": "ṭ",
                "י": "y",
                "כּ": "k",
                "כ": "ḵ",
                "ךּ": "k",
                "ך": "ḵ",
                "ל": "l",
                "מ": "m",
                "ם": "m",
                "נ": "n",
                "ן": "n",
                "ס": "s",
                "ע": "ʿ",
                "פּ": "p",
                "ףּ": "p",
                "פ": "f",
                "ף": "f",
                "צ": "ṣ",
                "ץ": "ṣ",
                "ק": "q",
                "ר": "r",
                "ש": "š",
                "\u05E9\u05C2": "š\u032A",
                "\u05E9\u05C1": "š\u032E",
                "ת": "t",
                "ע׳": "ġ",
                "ד׳": "ḏ",
                "ח׳": "ḫ",
                "ג׳": "j",
                "צ׳": "č",
                "ץ׳": "č",
                "ת׳": "ṯ",
                "ז׳": "ž",
                "ט׳": "ẓ",
                "א\u05B7": "â",
                "א\u05B8": "ā̂",
                "א\u05B4": "î",
                "א\u05B4י": "ī̂",
                "א\u05BB": "û",
                "אוּ": "ū̂",
                "א\u05B6": "ê",
                "א\u05B5": "ē̂",
                "א\u05B9": "ô",
                "אוֹ": "ō̂",
                "\u05B7": "a",
                "\u05B8": "ā",
                "\u05B4": "i",
                "\u05B4י": "ī",
                "\u05BB": "u",
                "וּ": "ū",
                "\u05B6": "e",
                "\u05B5": "ē",
                "\u05B9": "o",
                "וֹ": "ō",
                "א\u05B1": "ĕ\u0302",
                "א\u05B2": "ă\u0302",
                "א\u05B3": "ŏ\u0302",
                "\u05B1": "ĕ",
                "\u05B2": "ă",
                "\u05B3": "ŏ",
                "\u05BC": "꞉",
                "\u05B0": "\u033D"
            }
        },
        "Hebr-Ar": {
            "Latn": {
                "א": "ʾ",
                "ב": "b",
                "גׄ": "j",
                "עׄׄ": "j",
                "ד": "d",
                "ה": "h",
                "ו": "w",
                "ז": "z",
                "ח": "ḥ",
                "ט": "ṭ",
                "י": "y",
                "כ": "k",
                "ך": "k",
                "ל": "l",
                "מ": "m",
                "ם": "m",
                "נ": "n",
                "ן": "n",
                "ס": "s",
                "ע": "ʿ",
                "פׄ": "f",
                "פ": "f",
                "ףׄ": "f",
                "צ": "ṣ",
                "ץ": "ṣ",
                "ק": "q",
                "ר": "r",
                "ש": "š",
                "ת": "t",
                "צׄ": "ḍ",
                "ץׄ": "ḍ",
                "דׄ": "ḏ",
                "חׄ": "ḫ",
                "עׄ": "ġ",
                "תׄ": "ṯ",
                "טׄ": "ẓ",
                "ה̈": "ḧ"
            }
        },
        "Mani": {
            "Latn": {
                "𐫀": "ʾ",
                "𐫁": "b",
                "𐫃": "g",
                "𐫅": "d",
                "𐫆": "h",
                "𐫇": "w",
                "𐫉": "z",
                "𐫍": "ḥ",
                "𐫎": "ṭ",
                "𐫏": "y",
                "𐫐": "k",
                "𐫓": "l",
                "𐫖": "m",
                "𐫗": "n",
                "𐫘": "s",
                "𐫙": "ʿ",
                "𐫛": "p",
                "𐫝": "ṣ",
                "𐫞": "q",
                "𐫡": "r",
                "𐫢": "š",
                "𐫤": "t"
            }
        },
        "Narb": {
            "Latn": {
                "𐪑": "ʾ",
                "𐪈": "b",
                "𐪔": "g",
                "𐪕": "d",
                "𐪀": "h",
                "𐪅": "w",
                "𐪘": "z",
                "𐪂": "ḥ",
                "𐪉": "t",
                "𐪚": "y",
                "𐪋": "k",
                "𐪁": "l",
                "𐪃": "m",
                "𐪌": "n",
                "𐪏": "s",
                "𐪊": "s²",
                "𐪒": "ʿ",
                "𐪎": "ṣ",
                "𐪄": "q",
                "𐪇": "r",
                "𐪆": "š",
                "𐪗": "ṭ",
                "𐪓": "ḍ",
                "𐪐": "f",
                "𐪖": "ġ",
                "𐪍": "ḫ",
                "𐪙": "ḏ",
                "𐪜": "ẓ",
                "𐪛": "ṯ"
            }
        },
        "Nbat": {
            "Latn": {
                "𐢁": "ʾ",
                "𐢀": "ʾ",
                "𐢃": "b",
                "𐢂": "b",
                "𐢄": "g",
                "𐢅": "d",
                "𐢇": "h",
                "𐢆": "h",
                "𐢈": "w",
                "𐢉": "z",
                "𐢊": "ḥ",
                "𐢋": "ṭ",
                "𐢍": "y",
                "𐢌": "y",
                "𐢏": "k",
                "𐢎": "k",
                "𐢑": "l",
                "𐢐": "l",
                "𐢓": "m",
                "𐢒": "m",
                "𐢕": "n",
                "𐢔": "n",
                "𐢖": "s",
                "𐢗": "ʿ",
                "𐢘": "p",
                "𐢙": "ṣ",
                "𐢚": "q",
                "𐢛": "r",
                "𐢝": "š",
                "𐢜": "š",
                "𐢞": "t"
            }
        },
        "Palm": {
            "Latn": {
                "𐡠": "ʾ",
                "𐡡": "b",
                "𐡢": "g",
                "𐡣": "d",
                "𐡤": "h",
                "𐡥": "w",
                "𐡦": "z",
                "𐡧": "ḥ",
                "𐡨": "ṭ",
                "𐡩": "y",
                "𐡪": "k",
                "𐡫": "l",
                "𐡬": "m",
                "𐡭": "n",
                "𐡮": "n",
                "𐡯": "s",
                "𐡰": "ʿ",
                "𐡱": "p",
                "𐡲": "ṣ",
                "𐡳": "q",
                "𐡴": "r",
                "𐡵": "š",
                "𐡶": "t"
            }
        },
        "Phli": {
            "Latn": {
                "𐭠": "ʾ",
                "𐭡": "b",
                "𐭢": "g",
                "𐭣": "d",
                "𐭤": "h",
                "𐭦": "z",
                "𐭧": "ḥ",
                "𐭨": "ṭ",
                "𐭩": "y",
                "𐭪": "k",
                "𐭫": "l",
                "𐭬": "q",
                "𐭭": "n",
                "𐭮": "s",
                "𐭥": "ʿ",
                "𐭯": "p",
                "𐭰": "ṣ",
                "𐭱": "š",
                "𐭲": "t"
            }
        },
        "Phlp": {
            "Latn": {
                "𐮀": "ʾ",
                "𐮁": "b",
                "𐮂": "g",
                "𐮃": "d",
                "𐮄": "h",
                "𐮆": "z",
                "𐮇": "ḥ",
                "𐮈": "y",
                "𐮉": "k",
                "𐮊": "l",
                "𐮋": "q",
                "𐮌": "n",
                "𐮍": "s",
                "𐮅": "ʿ",
                "𐮎": "p",
                "𐮏": "ṣ",
                "𐮐": "š",
                "𐮑": "t"
            }
        },
        "Phnx": {
            "Latn": {
                "𐤀": "ʾ",
                "𐤁": "b",
                "𐤂": "g",
                "𐤃": "d",
                "𐤄": "h",
                "𐤅": "w",
                "𐤆": "z",
                "𐤇": "ḥ",
                "𐤈": "ṭ",
                "𐤉": "y",
                "𐤊": "k",
                "𐤋": "l",
                "𐤌": "m",
                "𐤍": "n",
                "𐤎": "s",
                "𐤏": "ʿ",
                "𐤐": "p",
                "𐤑": "ṣ",
                "𐤒": "q",
                "𐤓": "r",
                "𐤔": "š",
                "𐤕": "t"
            }
        },
        "Prti": {
            "Latn": {
                "𐭀": "ʾ",
                "𐭁": "b",
                "𐭂": "g",
                "𐭃": "d",
                "𐭄": "h",
                "𐭅": "w",
                "𐭆": "z",
                "𐭇": "ḥ",
                "𐭈": "ṭ",
                "𐭉": "y",
                "𐭊": "k",
                "𐭋": "l",
                "𐭌": "m",
                "𐭍": "n",
                "𐭎": "s",
                "𐭏": "ʿ",
                "𐭐": "p",
                "𐭑": "ṣ",
                "𐭒": "q",
                "𐭓": "r",
                "𐭔": "š",
                "𐭕": "t"
            }
        },
        "Samr": {
            "Latn": {
                "ࠀ": "ʾ",
                "ࠁ": "b",
                "ࠂ": "g",
                "ࠃ": "d",
                "ࠄ": "h",
                "ࠅ": "w",
                "ࠆ": "z",
                "ࠇ": "ḥ",
                "ࠈ": "ṭ",
                "ࠉ": "y",
                "ࠊ": "k",
                "ࠋ": "l",
                "ࠌ": "m",
                "ࠍ": "n",
                "ࠎ": "s",
                "ࠏ": "ʿ",
                "ࠑ": "ṣ",
                "ࠒ": "q",
                "ࠓ": "r",
                "ࠔ": "š",
                "ࠕ": "t",
                "ࠐ": "f"
            }
        },
        "Sarb": {
            "Latn": {
                "𐩱": "ʾ",
                "𐩨": "b",
                "𐩴": "g",
                "𐩵": "d",
                "𐩠": "h",
                "𐩥": "w",
                "𐩢": "ḥ",
                "𐩷": "ṭ",
                "𐩸": "z",
                "𐩺": "y",
                "𐩫": "k",
                "𐩡": "l",
                "𐩣": "m",
                "𐩬": "n",
                "𐩯": "s",
                "𐩪": "s²",
                "𐩲": "ʿ",
                "𐩮": "ṣ",
                "𐩤": "q",
                "𐩧": "r",
                "𐩦": "š",
                "𐩩": "t",
                "𐩰": "f",
                "𐩹": "ḏ",
                "𐩭": "ḫ",
                "𐩳": "ḍ",
                "𐩶": "ġ",
                "𐩻": "ṯ",
                "𐩼": "ẓ"

            }
        },
        "Sogd": {
            "Latn": {
                "𐼰": "ʾ",
                "𐼱": "b",
                "𐼲": "g",
                "𐼹": "l",
                "𐼳": "h",
                "𐼴": "w",
                "𐼵": "z",
                "𐼶": "ḥ",
                "𐼷": "y",
                "𐼸": "k",
                "𐽄": "l²",
                "𐼺": "m",
                "𐼻": "n",
                "𐼼": "s",
                "𐼽": "ʿ",
                "𐼾": "p",
                "𐼿": "ṣ",
                "𐽀": "r",
                "𐽁": "š",
                "𐽂": "t",
                "𐽃": "f"
            }
        },
        "Sogo": {
            "Latn": {
                "𐼀": "ʾ",
                "𐼁": "ʾ",
                "𐼂": "b",
                "𐼃": "b",
                "𐼄": "g",
                "𐼆": "h",
                "𐼅": "h",
                "𐼇": "w",
                "𐼈": "z",
                "𐼉": "ḥ",
                "𐼊": "y",
                "𐼋": "k",
                "𐼌": "l",
                "𐼍": "m",
                "𐼎": "n",
                "𐼏": "n",
                "𐼑": "s",
                "𐼓": "ʿ",
                "𐼒": "ʿ",
                "𐼔": "p",
                "𐼕": "ṣ",
                "𐼖": "ṣ",
                "𐼘": "r",
                "𐼙": "š",
                "𐼚": "t",
                "𐼛": "t"
            }
        },
        "Syre": {
            "Latn": {
                "ܐ": "ʾ",
                "ܒ": "b",
                "ܓ": "g",
                "ܕ": "d",
                "ܗ": "h",
                "ܘ": "w",
                "ܙ": "z",
                "ܚ": "ḥ",
                "ܛ": "ṭ",
                "ܝ": "y",
                "ܟ": "k",
                "ܠ": "l",
                "ܡ": "m",
                "ܢ": "n",
                "ܣ": "s",
                "ܥ": "ʿ",
                "ܦ": "p",
                "ܨ": "ṣ",
                "ܩ": "q",
                "ܪ": "r",
                "ܫ": "š",
                "ܬ": "t"
            }
        },
        "Syrn": {
            "Latn": {
                "ܐ": "ʾ",
                "ܒ": "b",
                "ܒ݁": "b",
                "ܒ݂": "v",
                "ܓ": "g",
                "ܓ݁": "g",
                "ܓ݂": "ġ",
                "ܕ": "d",
                "ܕ݁": "d",
                "ܕ݂": "ḏ",
                "ܗ": "h",
                "ܘ": "w",
                "ܙ": "z",
                "ܚ": "ḥ",
                "ܛ": "ṭ",
                "ܝ": "y",
                "ܟ": "k",
                "ܟ݁": "k",
                "ܟ݂": "ḫ",
                "ܠ": "l",
                "ܡ": "m",
                "ܢ": "n",
                "ܣ": "s",
                "ܥ": "ʿ",
                "ܦ": "p",
                "ܦ݁": "p",
                "ܦ݂": "f",
                "ܨ": "ṣ",
                "ܩ": "q",
                "ܪ": "r",
                "ܫ": "š",
                "ܬ": "t",
                "ܬ݁": "t",
                "ܬ݂": "ṯ",
                "\u071F\u0330": "č",
                "\u0713\u0330": "j",
                "ܙ\u0330": "ž",
                "ܲ": "a",
                "ܵ": "ā",
                "ܸ": "e",
                "ܹ": "ē",
                "ܘܼ": "ū",
                "ܘܿ": "ō",
                "ܝܼ": "ī",
                "ܐܲ": "â",
                "ܐܵ": "ā̂",
                "ܐܸ": "ê",
                "ܐܹ": "ē̂"
            }
        },
        "Syrj": {
            "Latn": {
                "ܐ": "ʾ",
                "ܒ": "b",
                "ܒ݁": "b",
                "ܒ݂": "v",
                "ܓ": "g",
                "ܓ݁": "g",
                "ܓ݂": "ġ",
                "ܕ": "d",
                "ܕ݁": "d",
                "ܕ݂": "ḏ",
                "ܗ": "h",
                "ܘ": "w",
                "ܙ": "z",
                "ܚ": "ḥ",
                "ܛ": "ṭ",
                "ܝ": "y",
                "ܟ": "k",
                "ܟ݁": "k",
                "ܟ݂": "ḫ",
                "ܠ": "l",
                "ܡ": "m",
                "ܢ": "n",
                "ܣ": "s",
                "ܥ": "ʿ",
                "ܦ": "p",
                "ܦ݁": "p",
                "ܦ݂": "f",
                "ܨ": "ṣ",
                "ܩ": "q",
                "ܪ": "r",
                "ܫ": "š",
                "ܬ": "t",
                "ܬ݁": "t",
                "ܬ݂": "ṯ",
                "\u071F\u0330": "č",
                "\u0713\u0330": "j",
                "ܙ\u0330": "ž",
                "\u0730": "a",
                "\u0733": "ā",
                "\u0736": "e",
                "\u073A": "ī",
                "\u073D": "u",
                "\u0651": "ō",
                "ܐ\u0730": "â",
                "ܐ\u0733": "ā̂",
                "ܐ\u073A": "ī̂",
                "ܐ\u073D": "û",
                "ܐ\u0736": "ê",
                "ܐ\u0651": "ō̂"
            }
        },
        "Ugar": {
            "Latn": {
                "𐎀": "ʾ",
                "𐎁": "b",
                "𐎂": "g",
                "𐎄": "d",
                "𐎅": "h",
                "𐎆": "w",
                "𐎇": "z",
                "𐎈": "ḥ",
                "𐎉": "ṭ",
                "𐎊": "y",
                "𐎋": "k",
                "𐎍": "l",
                "𐎎": "m",
                "𐎐": "n",
                "𐎒": "s",
                "𐎓": "ʿ",
                "𐎔": "p",
                "𐎕": "ṣ",
                "𐎖": "q",
                "𐎗": "r",
                "𐎌": "š",
                "𐎝": "s₂",
                "𐎚": "t",
                "𐎙": "ġ",
                "𐎜": "û",
                "𐎛": "î",
                "𐎘": "ṯ",
                "𐎑": "ẓ",
                "𐎃": "ḫ",
                "𐎏": "ḏ"
            }
        }
    },
    "simp": {
        "general": {
            "aŷ": "ay\u033D",
            "aŵ": "aw\u033D",
            "âŷ": "ây\u033D",
            "âŵ": "âw\u033D",
            "ˀy": "y",
            "ˀw": "w",
            "ȳ": "eye",
            "š\u032A": "š",
            "š\u032E": "š",
            "ā̂\u032E": "ā̂",
            "ˀā̂\u032E": "ā̂",
            "ˀâ": "ʾ",
            "ˀî": "ʾ",
            "ā̂": "ʾ",
            "ī̂": "ʾy",
            "ū̂": "ʾw",
            "ē̂": "ʾy",
            "ō̂": "ʾw",
            "ĕ\u0302": "ê",
            "ă\u0302": "â",
            "ŏ\u0302": "ô",
            "ĕ": "e",
            "ă": "a",
            "ŏ": "o",
            "â": "ʾ",
            "î": "ʾ",
            "û": "ʾ",
            "ê": "ʾ",
            "ô": "ʾ",
            "a̮": "ā",
            "ā\u032E": "ā",
            "ā": "ʾ",
            "ī": "y",
            "ū": "w",
            "ē": "y",
            "ō": "w",
            "a": "",
            "i": "",
            "u": "",
            "e": "",
            "o": "",
            "꞉": "",
            "ḵ": "k",
            "ₘ": "m\u033D",
            "aⁿ": "an\u033D",
            "iⁿ": "in\u033D",
            "uⁿ": "un\u033D",
            "ɖ" : "d",
            "ʈ" : "t",
            "ɽ": "r",
            "ʂ": "š",
            "ɭ": "l",
            "ɲ": "n",
            "ɳ": "n",
            "ḍ": "d",
            "f": "p",
            "p̣": "p",
            "p": "f",
            "ġ": "g",
            "ḏ": "d",
            "ḫ": "ḥ",
            "g": "j",
            "j": "g",
            "v": "b",
            "č": "tš",
            "ṯ": "t",
            "ẓ": "z",
            "ž": "z",
            "ṭ": "t",
            "d": "t",
            "q": "k",
            "ḧ": "h",
            "ʔ": "ʾ",
            "ʰ": "",
            "\u033D": ""
        },
        "Syrc": {
        },
        "Arab": {
        },
        "Hebr": {
        }
    },
    "fina": {
        "Grek": {
            "σ": "ς"
        },
        "Hebr": {
            "כ": "ך",
            "מ": "ם",
            "נ": "ן",
            "פ": "ף",
            "צ": "ץ",
            "פּ": "ףּ",
            "כּ": "ךּ",
            "צ׳": "ץ׳",
            "צׄ": "ץׄ",
            "פׄ": "ףׄ"
        },
        "Nbat": {
            "𐢁": "𐢀",
            "𐢃": "𐢂",
            "𐢇": "𐢆",
            "𐢍": "𐢌",
            "𐢏": "𐢎",
            "𐢑": "𐢐",
            "𐢓": "𐢒",
            "𐢕": "𐢔",
            "𐢝": "𐢜"
        },
        "Palm": {
            "𐡮": "𐡭"
        },
        "Sogo": {
            "𐼀": "𐼁",
            "𐼂": "𐼃",
            "𐼅": "𐼆",
            "𐼎": "𐼏",
            "𐼕": "𐼖",
            "𐼚": "𐼛"
        }
    },
    "liga": {
    }
}